{"cameraMode":{"drawMode":0,"name":"Shaded","section":"Shading Mode"},"sceneLighting":false,"audioPlay":false,"sceneViewState":{"m_AlwaysRefresh":false,"showFog":true,"showSkybox":false,"showFlares":true,"showImageEffects":true,"showParticleSystems":true,"showVisualEffectGraphs":true,"m_FxEnabled":true},"in2DMode":false,"pivot":{"x":477.7589416503906,"y":306.9216003417969,"z":-181.61378479003907},"rotation":{"x":0.026686783879995347,"y":-0.006900025997310877,"z":-0.0001838233438320458,"w":-0.9996241331100464},"size":229.15365600585938,"orthographic":false}