{"cameraMode":{"drawMode":0,"name":"Shaded","section":"Shading Mode"},"sceneLighting":false,"audioPlay":false,"sceneViewState":{"m_AlwaysRefresh":false,"showFog":true,"showSkybox":false,"showFlares":true,"showImageEffects":true,"showParticleSystems":true,"showVisualEffectGraphs":true,"m_FxEnabled":true},"in2DMode":false,"pivot":{"x":189.68157958984376,"y":191.29440307617188,"z":-211.45362854003907},"rotation":{"x":-0.04678552225232124,"y":-0.017382612451910974,"z":0.0008146603358909488,"w":-0.9987573027610779},"size":60.10407638549805,"orthographic":false}