{"cameraMode":{"drawMode":0,"name":"Shaded","section":"Shading Mode"},"sceneLighting":false,"audioPlay":false,"sceneViewState":{"m_AlwaysRefresh":false,"showFog":true,"showSkybox":false,"showFlares":true,"showImageEffects":true,"showParticleSystems":true,"showVisualEffectGraphs":true,"m_FxEnabled":true},"in2DMode":false,"pivot":{"x":508.46649169921877,"y":259.3902282714844,"z":3.77862286567688},"rotation":{"x":-0.015309030190110207,"y":-0.0024023486766964199,"z":0.00003680284135043621,"w":-0.9998832941055298},"size":109.58917236328125,"orthographic":false}