{"cameraMode":{"drawMode":0,"name":"Shaded","section":"Shading Mode"},"sceneLighting":false,"audioPlay":false,"sceneViewState":{"m_AlwaysRefresh":false,"showFog":true,"showSkybox":false,"showFlares":true,"showImageEffects":true,"showParticleSystems":true,"showVisualEffectGraphs":true,"m_FxEnabled":true},"in2DMode":false,"pivot":{"x":556.5446166992188,"y":238.02911376953126,"z":86.47679901123047},"rotation":{"x":-0.07445023208856583,"y":-0.14398761093616486,"z":0.010864514857530594,"w":-0.9867202043533325},"size":109.58917236328125,"orthographic":false}