{"cameraMode":{"drawMode":0,"name":"Shaded","section":"Shading Mode"},"sceneLighting":false,"audioPlay":false,"sceneViewState":{"m_AlwaysRefresh":false,"showFog":true,"showSkybox":false,"showFlares":true,"showImageEffects":true,"showParticleSystems":true,"showVisualEffectGraphs":true,"m_FxEnabled":true},"in2DMode":false,"pivot":{"x":511.2690734863281,"y":271.26995849609377,"z":-58.94896697998047},"rotation":{"x":-0.000309557857690379,"y":-0.014402179047465325,"z":0.000004491303570830496,"w":-0.9998997449874878},"size":70.71067810058594,"orthographic":false}