{"cameraMode":{"drawMode":0,"name":"Shaded","section":"Shading Mode"},"sceneLighting":true,"audioPlay":false,"sceneViewState":{"m_AlwaysRefresh":false,"showFog":true,"showSkybox":true,"showFlares":true,"showImageEffects":true,"showParticleSystems":true,"showVisualEffectGraphs":true,"m_FxEnabled":true},"in2DMode":false,"pivot":{"x":499.8099365234375,"y":266.61602783203127,"z":-388.2584533691406},"rotation":{"x":-0.013809078373014927,"y":0.005096913315355778,"z":-0.00007034480950096622,"w":-0.9998924732208252},"size":70.71067810058594,"orthographic":false}