{"cameraMode":{"drawMode":0,"name":"Shaded","section":"Shading Mode"},"sceneLighting":false,"audioPlay":false,"sceneViewState":{"m_AlwaysRefresh":false,"showFog":true,"showSkybox":false,"showFlares":true,"showImageEffects":true,"showParticleSystems":true,"showVisualEffectGraphs":true,"m_FxEnabled":true},"in2DMode":false,"pivot":{"x":498.1536560058594,"y":85.92179107666016,"z":-139.96310424804688},"rotation":{"x":0.02368779666721821,"y":-0.006900812033563852,"z":-0.00016325226170010865,"w":-0.9997015595436096},"size":77.21783447265625,"orthographic":false}