{"cameraMode":{"drawMode":0,"name":"Shaded","section":"Shading Mode"},"sceneLighting":false,"audioPlay":false,"sceneViewState":{"m_AlwaysRefresh":false,"showFog":true,"showSkybox":false,"showFlares":true,"showImageEffects":true,"showParticleSystems":true,"showVisualEffectGraphs":true,"m_FxEnabled":true},"in2DMode":false,"pivot":{"x":508.97528076171877,"y":32.821807861328128,"z":-41.87666702270508},"rotation":{"x":-0.025805579498410226,"y":-0.009899349883198738,"z":0.0002558281412348151,"w":-0.9996235370635986},"size":77.21783447265625,"orthographic":false}