{"cameraMode":{"drawMode":0,"name":"Shaded","section":"Shading Mode"},"sceneLighting":false,"audioPlay":false,"sceneViewState":{"m_AlwaysRefresh":false,"showFog":true,"showSkybox":false,"showFlares":true,"showImageEffects":true,"showParticleSystems":true,"showVisualEffectGraphs":true,"m_FxEnabled":true},"in2DMode":false,"pivot":{"x":505.7034606933594,"y":132.82838439941407,"z":-9.891805648803711},"rotation":{"x":0.05965489521622658,"y":-0.0038958347868174316,"z":-0.00023258329019881785,"w":-0.9982174634933472},"size":77.21783447265625,"orthographic":false}